<?xml version="1.0" encoding="UTF-8" ?>  
<!DOCTYPE struts PUBLIC "-//Apache Software Foundation//DTD Struts  
Configuration 2.1//EN" "http://struts.apache.org/dtds/struts-2.1.dtd">  
<struts>  
<package name="default" extends="struts-default">  
  <!-- ADMIN CONTROLLER -->
<action name="adminAction" class="com.csc.admin.AdminAction">  
<result name="success" type="dispatcher">/Admin/adminhome.jsp</result> 
<result name="error">fail.jsp</result> 

</action>  
<action name="viewuseraction" class="com.csc.admin.ViewUserAction">
<result name="success" type="dispatcher">/Admin/displayuser.jsp</result>
<result name="error">fail.jsp</result>
</action>
 
 <action name="modifyUserAction" class="com.csc.admin.DisplayModifyUserAction">
<result name="success" type="dispatcher">/Admin/userdetails.jsp</result>
<result name="error">fail.jsp</result>
</action> 

 <action name="update" class="com.csc.admin.UpdateUserAction">
<result name="success" type="dispatcher">/Admin/modifieduser.jsp</result>
<result name="error">fail.jsp</result>
</action> 

<!-- ADMIN CONTROLLER eNDS -->

<!-- EMPLOYEE CONTROLLER -->

<action name="requestAction" class="com.csc.employee.RequestAction">  
<result name="success" type="dispatcher">/Employee/RSuccess.jsp</result> 
<result name="error">fail.jsp</result> 
<result name="input">index.jsp</result> 
</action> 

  
<action name="requeststatusaction" class="com.csc.employee.RequestStatusAction">
<result name="success" type="dispatcher">/Employee/requeststatus.jsp</result>
<result name="error">fail.jsp</result>
</action> 

<action name="viewassetaction" class="com.csc.employee.ViewAssetAction">
<result name="success" type="dispatcher">/Employee/viewasset.jsp</result>
<result name="error">fail.jsp</result>
</action> 
<!-- EMPLOYEE CONTROLLER ENDS -->

<!-- MANAGER CONTROLLER -->
<action name="managerRequestAction" class="com.csc.manager.ManagerRequestAction">  
<result name="success" type="dispatcher">/Manager/managerrsuccess.jsp</result> 
<result name="error">fail.jsp</result> 
<result name="input">index.jsp</result> 
</action> 

<action name="managerrequeststatusaction" class="com.csc.manager.ManagerRequestStatusAction">
<result name="success" type="dispatcher">/Manager/managerrequeststatus.jsp</result>
<result name="error">fail.jsp</result>
</action> 

<action name="managerviewassetaction" class="com.csc.manager.ManagerViewAssetAction">
<result name="success" type="dispatcher">/Manager/managerviewasset.jsp</result>
<result name="error">fail.jsp</result>
</action> 

<!-- MANAGER CONTROLLER ENDS -->

<!--  SUPPORT CONTROLLER-->
<action name="viewrequestaction" class="com.csc.support.ViewRequestAction">
<result name="success">viewrequest.jsp</result>
<result name="error">fail.jsp</result>
</action>

<action name="dispatchrequest" class="com.csc.support.DisplayModifyRequestAction">
<result name="success">modifiedrequest.jsp</result>
<result name="error">fail.jsp</result>
</action>
<!-- SUPPORT CONTROLLER ENDS -->
<!-- LOGIN CONTROLLER -->
<action name="loginaction" class="com.csc.login.LoginAction">
<result name="employee" type="dispatcher">/Employee/employeeProfile.jsp</result>
<result name="manager" type="dispatcher">/Manager/managerProfile.jsp</result>
<result name="admin" type="dispatcher">/Admin/adminhome.jsp</result>
<result name="support" type="dispatcher">/Support/managerProfile.jsp</result>
<result name="error">fail.jsp</result>
</action>


<!-- LOGIN CONTROLLER ENDS -->
</package>  
</struts>     