<?xml version="1.0" encoding="UTF-8" ?>  
<!DOCTYPE struts PUBLIC "-//Apache Software Foundation//DTD Struts  
Configuration 2.1//EN" "http://struts.apache.org/dtds/struts-2.1.dtd">  
<struts>  
<package name="default" extends="struts-default">  
  <!-- ADMIN CONTROLLER -->
<action name="adminAction" class="com.csc.admin.AdminAction">  
<result name="success">adminhome.jsp</result> 
<result name="error">fail.jsp</result> 

</action>  
<action name="viewuseraction" class="com.csc.admin.ViewUserAction">
<result name="success">displayuser.jsp</result>
<result name="error">fail.jsp</result>
</action>
 
 <action name="modifyUserAction" class="com.csc.admin.DisplayModifyUserAction">
<result name="success">userdetails.jsp</result>
<result name="error">fail.jsp</result>
</action> 

 <action name="update" class="com.csc.admin.UpdateUserAction">
<result name="success">modifieduser.jsp</result>
<result name="error">fail.jsp</result>
</action> 

<!-- ADMIN CONTROLLER eNDS -->

<!-- EMPLOYEE CONTROLLER -->

<action name="requestAction" class="com.csc.employee.RequestAction">  
<result name="success">RSuccess.jsp</result> 
<result name="error">fail.jsp</result> 
<result name="input">index.jsp</result> 
</action> 

  
<action name="requeststatusaction" class="com.csc.employee.RequestStatusAction">
<result name="success">requeststatus.jsp</result>
<result name="error">fail.jsp</result>
</action> 

<action name="viewassetaction" class="com.csc.employee.ViewAssetAction">
<result name="success">viewasset.jsp</result>
<result name="error">fail.jsp</result>
</action> 
<!-- EMPLOYEE CONTROLLER ENDS -->

<!-- MANAGER CONTROLLER -->

<!-- MANAGER CONTROLLER ENDS -->

<!--  SUPPORT CONTROLLER-->

<!-- SUPPORT CONTROLLER ENDS -->
<!-- LOGIN CONTROLLER -->


<!-- LOGIN CONTROLLER ENDS -->
</package>  
</struts>     